step	bar
0	6.662445153626734
1	5.71714938301208
2	4.135473901718983
3	3.3731430781689866
4	2.9832684167879373
5	1.9460960806990624
6	0.6607632853732541
