step	bar
0	4.424049233359341
1	3.2608408916749374
2	2.844719035454131
3	1.0198386862869895
4	0.41354096445519506
