step	bar
0	6.59374637065626
1	5.711233158395828
2	4.129038738517311
3	3.2707715806985713
4	2.6258594379946203
5	1.257419250251
6	0.9637453955893589
