step	bar
0	2.4282555287650065
1	1.153749511440827
2	0.05839721908284723
