step	bar
0	5.52882159429813
1	4.717865154704088
2	3.1395569860198433
3	2.8317494178759945
4	1.55405268632334
5	0.5500603625755032
