step	bar
0	7.588359772835105
1	6.504755805183615
2	5.118374118134301
3	4.262282548529936
4	3.365728064823771
5	2.471213557342681
6	1.5750481765568534
7	0.02629294435370344
