step	bar
0	4.706091991798266
1	3.868250839658458
2	2.2464153301088094
3	1.8687730678539003
4	0.7056681338449149
