step	bar
0	7.936380686145181
1	6.128070366902339
2	5.620986178118132
3	4.057170161243066
4	3.9937039161508805
5	2.7471329230460304
6	1.9933433592305345
7	0.12641272665295666
