step	bar
0	7.521056974417702
1	6.730763166536043
2	5.799686603471451
3	4.537561125490743
4	3.7502853988145084
5	2.591787216363083
6	1.7682846374787857
7	0.9989565695268734
