step	bar
0	3.1227549605814757
1	2.7311149457571724
2	1.6777731122269777
3	0.614107971623314
