step	bar
0	8.681513453121054
1	7.2425727787939955
2	6.565346562710962
3	5.962189985341163
4	4.95513119974727
5	3.2864578797530575
6	2.974971584875731
7	1.4772795705987969
8	0.6636576024145828
