{
    "foo": 8.545923120848402,
    "bar": 0.05643770759292899,
    "nested": {
        "bar": 0.6636576024145828
    },
    "step": 8
}
