{
    "foo": 3.1819725469552567,
    "bar": 0.6792945334381044,
    "nested": {
        "bar": 0.614107971623314
    },
    "step": 3
}
