{
    "foo": 7.821359758495504,
    "bar": 0.3893938465506084,
    "nested": {
        "bar": 0.9989565695268734
    },
    "step": 7
}
