{
    "foo": 0.8866297699838591,
    "bar": 0.5237125781818305,
    "nested": {
        "bar": 0.40545951748319764
    },
    "step": 0
}
