{
    "foo": 6.118554122430085,
    "bar": 0.7243049382976707,
    "nested": {
        "bar": 0.6607632853732541
    },
    "step": 6
}
