{
    "foo": 7.17614985801154,
    "bar": 0.9789529962595767,
    "nested": {
        "bar": 0.02629294435370344
    },
    "step": 7
}
