{
    "foo": 5.143500433548015,
    "bar": 0.053966281501582,
    "nested": {
        "bar": 0.5500603625755032
    },
    "step": 5
}
