{
    "foo": 7.718588667845737,
    "bar": 0.900372151431931,
    "nested": {
        "bar": 0.12641272665295666
    },
    "step": 7
}
