{
    "foo": 4.0440388697549965,
    "bar": 0.9007891993864829,
    "nested": {
        "bar": 0.7056681338449149
    },
    "step": 4
}
