{
    "foo": 4.364759650227418,
    "bar": 0.4462064250170865,
    "nested": {
        "bar": 0.41354096445519506
    },
    "step": 4
}
