{
    "foo": 6.621428028075372,
    "bar": 0.5753935392859688,
    "nested": {
        "bar": 0.9637453955893589
    },
    "step": 6
}
