{
    "foo": 2.173007721009448,
    "bar": 0.42946866601982414,
    "nested": {
        "bar": 0.05839721908284723
    },
    "step": 2
}
