step	bar
0	4.290262727917253
1	3.964445495554598
2	2.635675965703628
3	1.193827599964818
4	0.4462064250170865
