step	bar
0	6.096724915341511
1	5.824940163701455
2	4.829564101283254
3	3.903978306637446
4	2.3482298342575785
5	1.0022405034129456
6	0.5753935392859688
