step	bar
0	2.7846668662400877
1	1.8053803282606105
2	0.42946866601982414
