step	bar
0	3.405072579052047
1	2.130189387784718
2	1.2178569814739717
3	0.6792945334381044
