step	bar
0	7.7904438379628544
1	6.569070174704828
2	5.427388263070961
3	4.429157340671839
4	3.9899587761631974
5	2.6921850091268436
6	1.3319152172232984
7	0.900372151431931
