step	bar
0	7.243563261252387
1	6.503759331855785
2	5.142432282935724
3	4.453432603099129
4	3.944793481525534
5	2.485109704958388
6	1.6898121432634516
7	0.9789529962595767
