step	bar
0	4.683649088448396
1	3.4765669289643784
2	2.84788844438883
3	1.2895153305777307
4	0.9007891993864829
