step	bar
0	7.234990927176175
1	6.998689077595286
2	5.516189442180784
3	4.767542409042761
4	3.6756720894731227
5	2.8496832531159138
6	1.0103006962410035
7	0.3893938465506084
