step	bar
0	8.542372457532329
1	7.154835791035596
2	6.160531702406702
3	5.665842279009022
4	4.5345755377563295
5	3.2714239228197544
6	2.8698099831090307
7	1.3915081821456727
8	0.05643770759292899
