step	bar
0	6.884045768479582
1	5.394336065298189
2	4.6879765816833565
3	3.2804130925062696
4	2.0861177686972567
5	1.5197625433051716
6	0.7243049382976707
