step	bar
0	5.96640166691429
1	4.762193029003981
2	3.9510967714312106
3	2.670112676111396
4	1.6483386239042304
5	0.053966281501582
