step	foo
0	0.8209616980686398
1	1.5039866680946135
2	2.95116093553605
3	3.6561791450421137
4	4.028807200222246
5	5.453035836242179
6	6.192756212977844
7	7.17614985801154
