step	foo
0	0.5974821172160028
1	1.215844631179867
2	2.202975696114537
3	3.8900851837842847
4	4.0440388697549965
