step	foo
0	0.647030163872038
1	1.1843274647980842
2	2.7610884815050425
3	3.502639086392264
4	4.659841321919593
5	5.012479900872753
6	6.118554122430085
