step	foo
0	0.21715948385976103
1	1.9234743461967314
2	2.5908917145929573
3	3.0459663783650592
4	4.486693102942189
5	5.313386832443351
6	6.579703706955979
7	7.992758442484466
8	8.545923120848402
