step	foo
0	0.9938075160213384
1	1.168406015094909
2	2.868362850013898
3	3.337014624529094
4	4.275400444683454
5	5.570144387241342
6	6.90231787147584
7	7.821359758495504
