step	foo
0	0.6415690919587833
1	1.0729861448132492
2	2.7441734452454543
3	3.6795907816829945
4	4.591561726942671
5	5.262008100155017
6	6.621428028075372
