step	foo
0	0.29084430703055386
1	1.6094096613295066
2	2.4717469001038737
3	3.6281981467839204
4	4.002711242818835
5	5.143500433548015
