step	foo
0	0.4817037974551224
1	1.3031420798733144
2	2.9441550385019544
3	3.2755547862614844
4	4.364759650227418
