step	foo
0	0.327451551490207
1	1.3794922343902996
2	2.949215253365226
3	3.505419067563087
4	4.078476431055567
5	5.4768260547451595
6	6.417673318289034
7	7.718588667845737
