step	foo
0	0.36977566636344983
1	1.479832447923787
2	2.173007721009448
