step	foo
0	0.9449576710949196
1	1.6516814948400498
2	2.147816241971532
3	3.1819725469552567
